,area,bedrooms,bathrooms,stories,mainroad,guestroom,basement,hotwaterheating,airconditioning,parking,prefarea,furnishingstatus,price
0,0.6350499396523505,0.06047756004577339,1.4523125359530327,2.4825320798479433,0.4119163631766861,-0.4271788288583805,-0.7120229941413736,-0.24958982745138697,-0.6826883245056191,0.35483309737728724,-0.5057805388588731,-1.3969077819782347,11410000.0
1,1.4190829932659126,0.06047756004577339,1.4523125359530327,1.3432397372548361,0.4119163631766861,-0.4271788288583805,-0.7120229941413736,-0.24958982745138697,1.4647972787936097,-0.7948261381251233,-0.5057805388588731,-1.3969077819782347,
2,-0.7625741993979126,0.06047756004577339,-0.5672121921533301,-0.9353449479313783,0.4119163631766861,-0.4271788288583805,1.4044490251412416,-0.24958982745138697,-0.6826883245056191,1.5044923328796977,-0.5057805388588731,1.249864857559473,10150000.0
3,1.4872597805366572,-1.3391459724421189,-0.5672121921533301,-0.9353449479313783,0.4119163631766861,-0.4271788288583805,-0.7120229941413736,-0.24958982745138697,-0.6826883245056191,0.35483309737728724,-0.5057805388588731,-1.3969077819782347,10150000.0
4,-0.23988549698887113,1.4601010925336657,-0.5672121921533301,0.20394739466172898,0.4119163631766861,-0.4271788288583805,-0.7120229941413736,-0.24958982745138697,-0.6826883245056191,-0.7948261381251233,-0.5057805388588731,-0.07352146220938081,
5,-0.47623169286078554,0.06047756004577339,-0.5672121921533301,0.20394739466172898,0.4119163631766861,-0.4271788288583805,-0.7120229941413736,-0.24958982745138697,-0.6826883245056191,1.5044923328796977,-0.5057805388588731,-0.07352146220938081,
6,-1.2398117102931243,0.06047756004577339,-0.5672121921533301,0.20394739466172898,0.4119163631766861,-0.4271788288583805,-0.7120229941413736,-0.24958982745138697,-0.6826883245056191,-0.7948261381251233,-0.5057805388588731,1.249864857559473,
7,-1.496156430431124,-1.3391459724421189,-0.5672121921533301,-0.9353449479313783,-2.4276772893604694,-0.4271788288583805,1.4044490251412416,-0.24958982745138697,-0.6826883245056191,-0.7948261381251233,-0.5057805388588731,-0.07352146220938081,
8,0.7191346439529354,0.06047756004577339,1.4523125359530327,0.20394739466172898,0.4119163631766861,2.3409399821439254,1.4044490251412416,-0.24958982745138697,-0.6826883245056191,0.35483309737728724,1.9771421064483223,-1.3969077819782347,
9,-0.8034802717603593,-1.3391459724421189,-0.5672121921533301,-0.9353449479313783,0.4119163631766861,-0.4271788288583805,-0.7120229941413736,-0.24958982745138697,-0.6826883245056191,0.35483309737728724,-0.5057805388588731,1.249864857559473,9240000.0
10,-0.8830198569095613,-1.3391459724421189,-0.5672121921533301,-0.9353449479313783,0.4119163631766861,-0.4271788288583805,1.4044490251412416,-0.24958982745138697,-0.6826883245056191,1.5044923328796977,-0.5057805388588731,-1.3969077819782347,
11,-1.2261763528389755,0.06047756004577339,-0.5672121921533301,-0.9353449479313783,-2.4276772893604694,-0.4271788288583805,-0.7120229941413736,-0.24958982745138697,-0.6826883245056191,-0.7948261381251233,-0.5057805388588731,1.249864857559473,9100000.0
12,-0.0808063266904672,1.4601010925336657,-0.5672121921533301,0.20394739466172898,0.4119163631766861,-0.4271788288583805,-0.7120229941413736,-0.24958982745138697,1.4647972787936097,-0.7948261381251233,-0.5057805388588731,-0.07352146220938081,
13,0.3191641586312341,-1.3391459724421189,-0.5672121921533301,-0.9353449479313783,0.4119163631766861,-0.4271788288583805,-0.7120229941413736,-0.24958982745138697,-0.6826883245056191,1.5044923328796977,-0.5057805388588731,1.249864857559473,8960000.0
14,0.6918639290446376,0.06047756004577339,-0.5672121921533301,0.20394739466172898,0.4119163631766861,2.3409399821439254,-0.7120229941413736,-0.24958982745138697,-0.6826883245056191,-0.7948261381251233,-0.5057805388588731,-0.07352146220938081,
15,0.39643118420474455,0.06047756004577339,-0.5672121921533301,0.20394739466172898,0.4119163631766861,-0.4271788288583805,-0.7120229941413736,-0.24958982745138697,1.4647972787936097,0.35483309737728724,-0.5057805388588731,1.249864857559473,
16,-0.4216902630441899,0.06047756004577339,-0.5672121921533301,0.20394739466172898,0.4119163631766861,-0.4271788288583805,-0.7120229941413736,-0.24958982745138697,-0.6826883245056191,0.35483309737728724,-0.5057805388588731,-1.3969077819782347,8750000.0
17,-0.32624276086514753,1.4601010925336657,3.4718372640593955,0.20394739466172898,0.4119163631766861,-0.4271788288583805,1.4044490251412416,-0.24958982745138697,-0.6826883245056191,1.5044923328796977,-0.5057805388588731,-0.07352146220938081,
18,0.6418676183794249,0.06047756004577339,-0.5672121921533301,-0.9353449479313783,0.4119163631766861,2.3409399821439254,1.4044490251412416,-0.24958982745138697,-0.6826883245056191,1.5044923328796977,1.9771421064483223,-1.3969077819782347,
19,-0.6262206248564235,0.06047756004577339,-0.5672121921533301,0.20394739466172898,0.4119163631766861,-0.4271788288583805,-0.7120229941413736,-0.24958982745138697,-0.6826883245056191,-0.7948261381251233,-0.5057805388588731,1.249864857559473,8645000.0
20,-1.360257367804773,0.06047756004577339,1.4523125359530327,0.20394739466172898,-2.4276772893604694,-0.4271788288583805,-0.7120229941413736,-0.24958982745138697,-0.6826883245056191,-0.7948261381251233,-0.5057805388588731,1.249864857559473,
21,-0.3944195481358921,1.4601010925336657,-0.5672121921533301,0.20394739466172898,0.4119163631766861,-0.4271788288583805,1.4044490251412416,-0.24958982745138697,1.4647972787936097,-0.7948261381251233,-0.5057805388588731,-1.3969077819782347,
22,0.6691383332877228,0.06047756004577339,-0.5672121921533301,-0.9353449479313783,0.4119163631766861,2.3409399821439254,1.4044490251412416,-0.24958982745138697,-0.6826883245056191,1.5044923328796977,1.9771421064483223,-0.07352146220938081,
23,-0.8307509866686571,0.06047756004577339,-0.5672121921533301,0.20394739466172898,-2.4276772893604694,-0.4271788288583805,-0.7120229941413736,-0.24958982745138697,-0.6826883245056191,0.35483309737728724,-0.5057805388588731,-0.07352146220938081,8400000.0
24,1.1691014399398494,0.06047756004577339,1.4523125359530327,-0.9353449479313783,0.4119163631766861,-0.4271788288583805,-0.7120229941413736,-0.24958982745138697,-0.6826883245056191,1.5044923328796977,-0.5057805388588731,1.249864857559473,8400000.0
25,0.6759560120147972,0.06047756004577339,-0.5672121921533301,0.20394739466172898,0.4119163631766861,-0.4271788288583805,-0.7120229941413736,-0.24958982745138697,-0.6826883245056191,-0.7948261381251233,-0.5057805388588731,-0.07352146220938081,8400000.0
26,3.5525619229250784,0.06047756004577339,-0.5672121921533301,-0.9353449479313783,0.4119163631766861,-0.4271788288583805,-0.7120229941413736,-0.24958982745138697,-0.6826883245056191,-0.7948261381251233,-0.5057805388588731,1.249864857559473,
27,1.1236502484260196,1.4601010925336657,-0.5672121921533301,0.20394739466172898,0.4119163631766861,-0.4271788288583805,-0.7120229941413736,-0.24958982745138697,1.4647972787936097,1.5044923328796977,-0.5057805388588731,-1.3969077819782347,8400000.0
28,-1.008010633572593,-1.3391459724421189,-0.5672121921533301,-0.9353449479313783,-2.4276772893604694,-0.4271788288583805,-0.7120229941413736,-0.24958982745138697,-0.6826883245056191,-0.7948261381251233,-0.5057805388588731,1.249864857559473,8295000.0
29,-1.3420768911992411,0.06047756004577339,-0.5672121921533301,0.20394739466172898,-2.4276772893604694,2.3409399821439254,1.4044490251412416,-0.24958982745138697,1.4647972787936097,-0.7948261381251233,-0.5057805388588731,1.249864857559473,8190000.0
30,-0.5125926460718493,0.06047756004577339,-0.5672121921533301,0.20394739466172898,0.4119163631766861,-0.4271788288583805,-0.7120229941413736,-0.24958982745138697,-0.6826883245056191,0.35483309737728724,-0.5057805388588731,-1.3969077819782347,
31,-0.7398486036409977,-1.3391459724421189,-0.5672121921533301,-0.9353449479313783,0.4119163631766861,2.3409399821439254,-0.7120229941413736,-0.24958982745138697,-0.6826883245056191,-0.7948261381251233,-0.5057805388588731,1.249864857559473,8080940.0
32,-0.13080263735567985,0.06047756004577339,-0.5672121921533301,0.20394739466172898,0.4119163631766861,-0.4271788288583805,-0.7120229941413736,-0.24958982745138697,-0.6826883245056191,0.35483309737728724,-0.5057805388588731,-0.07352146220938081,8043000.0
33,0.5423295089641379,0.06047756004577339,-0.5672121921533301,0.20394739466172898,0.4119163631766861,-0.4271788288583805,1.4044490251412416,-0.24958982745138697,1.4647972787936097,0.35483309737728724,-0.5057805388588731,-1.3969077819782347,7980000.0
34,-0.6807620546730191,0.06047756004577339,-0.5672121921533301,0.20394739466172898,0.4119163631766861,-0.4271788288583805,-0.7120229941413736,-0.24958982745138697,-0.6826883245056191,1.5044923328796977,-0.5057805388588731,-0.07352146220938081,
35,-0.7307583653382318,0.06047756004577339,-0.5672121921533301,-0.9353449479313783,0.4119163631766861,-0.4271788288583805,-0.7120229941413736,-0.24958982745138697,-0.6826883245056191,-0.7948261381251233,1.9771421064483223,-0.07352146220938081,7910000.0
36,0.9418454823707009,0.06047756004577339,1.4523125359530327,-0.9353449479313783,0.4119163631766861,-0.4271788288583805,1.4044490251412416,-0.24958982745138697,1.4647972787936097,2.654151568382108,-0.5057805388588731,-0.07352146220938081,7875000.0
37,-0.6762169355216362,1.4601010925336657,-0.5672121921533301,0.20394739466172898,0.4119163631766861,-0.4271788288583805,1.4044490251412416,-0.24958982745138697,-0.6826883245056191,-0.7948261381251233,-0.5057805388588731,1.249864857559473,
38,0.14644963087868126,-1.3391459724421189,-0.5672121921533301,-0.9353449479313783,0.4119163631766861,-0.4271788288583805,-0.7120229941413736,-0.24958982745138697,-0.6826883245056191,-0.7948261381251233,-0.5057805388588731,-1.3969077819782347,7700000.0
39,-0.694397412127168,0.06047756004577339,-0.5672121921533301,-0.9353449479313783,0.4119163631766861,-0.4271788288583805,1.4044490251412416,-0.24958982745138697,1.4647972787936097,-0.7948261381251233,1.9771421064483223,-1.3969077819782347,7700000.0
40,0.5782359502600634,0.06047756004577339,-0.5672121921533301,-0.9353449479313783,0.4119163631766861,2.3409399821439254,1.4044490251412416,-0.24958982745138697,1.4647972787936097,0.35483309737728724,1.9771421064483223,-0.07352146220938081,7560000.0
41,0.4055214225075105,0.06047756004577339,-0.5672121921533301,-0.9353449479313783,0.4119163631766861,-0.4271788288583805,-0.7120229941413736,-0.24958982745138697,-0.6826883245056191,-0.7948261381251233,-0.5057805388588731,-0.07352146220938081,7560000.0
42,-0.7489388419437637,0.06047756004577339,-0.5672121921533301,0.20394739466172898,-2.4276772893604694,-0.4271788288583805,-0.7120229941413736,-0.24958982745138697,-0.6826883245056191,0.35483309737728724,-0.5057805388588731,-0.07352146220938081,7525000.0
43,-0.45805121625525363,-1.3391459724421189,-0.5672121921533301,-0.9353449479313783,0.4119163631766861,-0.4271788288583805,1.4044490251412416,-0.24958982745138697,-0.6826883245056191,0.35483309737728724,-0.5057805388588731,-0.07352146220938081,7490000.0
44,0.6691383332877228,1.4601010925336657,1.4523125359530327,-0.9353449479313783,0.4119163631766861,-0.4271788288583805,1.4044490251412416,-0.24958982745138697,-0.6826883245056191,-0.7948261381251233,1.9771421064483223,-0.07352146220938081,7455000.0
45,-0.6716718163702532,0.06047756004577339,1.4523125359530327,0.20394739466172898,0.4119163631766861,-0.4271788288583805,-0.7120229941413736,-0.24958982745138697,-0.6826883245056191,1.5044923328796977,-0.5057805388588731,-0.07352146220938081,
46,0.39643118420474455,1.4601010925336657,1.4523125359530327,2.4825320798479433,0.4119163631766861,-0.4271788288583805,-0.7120229941413736,-0.24958982745138697,-0.6826883245056191,1.5044923328796977,-0.5057805388588731,-0.07352146220938081,
47,-0.7762095568520615,2.859724625021558,-0.5672121921533301,0.20394739466172898,-2.4276772893604694,-0.4271788288583805,-0.7120229941413736,-0.24958982745138697,-0.6826883245056191,-0.7948261381251233,-0.5057805388588731,1.249864857559473,7420000.0
48,-0.9671045612101462,1.4601010925336657,-0.5672121921533301,1.3432397372548361,0.4119163631766861,-0.4271788288583805,1.4044490251412416,-0.24958982745138697,1.4647972787936097,1.5044923328796977,-0.5057805388588731,-0.07352146220938081,7350000.0
49,1.4190829932659126,0.06047756004577339,-0.5672121921533301,-0.9353449479313783,0.4119163631766861,-0.4271788288583805,-0.7120229941413736,-0.24958982745138697,-0.6826883245056191,-0.7948261381251233,-0.5057805388588731,-1.3969077819782347,
50,-0.6762169355216362,0.06047756004577339,1.4523125359530327,0.20394739466172898,0.4119163631766861,-0.4271788288583805,1.4044490251412416,-0.24958982745138697,-0.6826883245056191,-0.7948261381251233,-0.5057805388588731,1.249864857559473,7350000.0
51,-0.7398486036409977,-1.3391459724421189,-0.5672121921533301,-0.9353449479313783,0.4119163631766861,-0.4271788288583805,-0.7120229941413736,-0.24958982745138697,-0.6826883245056191,-0.7948261381251233,-0.5057805388588731,1.249864857559473,7350000.0
52,1.5690719252615506,1.4601010925336657,3.4718372640593955,2.4825320798479433,0.4119163631766861,-0.4271788288583805,-0.7120229941413736,-0.24958982745138697,1.4647972787936097,1.5044923328796977,1.9771421064483223,-0.07352146220938081,
53,0.5964164268655953,-1.3391459724421189,-0.5672121921533301,-0.9353449479313783,0.4119163631766861,-0.4271788288583805,-0.7120229941413736,-0.24958982745138697,1.4647972787936097,2.654151568382108,-0.5057805388588731,-0.07352146220938081,7245000.0
54,0.0037328895252560293,0.06047756004577339,-0.5672121921533301,0.20394739466172898,0.4119163631766861,2.3409399821439254,1.4044490251412416,-0.24958982745138697,1.4647972787936097,-0.7948261381251233,1.9771421064483223,1.249864857559473,
55,0.10554355851623454,0.06047756004577339,-0.5672121921533301,0.20394739466172898,0.4119163631766861,-0.4271788288583805,-0.7120229941413736,-0.24958982745138697,-0.6826883245056191,1.5044923328796977,1.9771421064483223,1.249864857559473,
56,0.3896135054776701,0.06047756004577339,-0.5672121921533301,-0.9353449479313783,0.4119163631766861,-0.4271788288583805,1.4044490251412416,-0.24958982745138697,-0.6826883245056191,-0.7948261381251233,-0.5057805388588731,-0.07352146220938081,
57,0.5873261885628293,0.06047756004577339,-0.5672121921533301,-0.9353449479313783,0.4119163631766861,-0.4271788288583805,1.4044490251412416,-0.24958982745138697,1.4647972787936097,-0.7948261381251233,1.9771421064483223,-1.3969077819782347,7070000.0
58,-1.008010633572593,0.06047756004577339,-0.5672121921533301,-0.9353449479313783,-2.4276772893604694,-0.4271788288583805,-0.7120229941413736,-0.24958982745138697,-0.6826883245056191,-0.7948261381251233,-0.5057805388588731,-1.3969077819782347,7070000.0
59,-0.28533668850270083,1.4601010925336657,1.4523125359530327,-0.9353449479313783,-2.4276772893604694,-0.4271788288583805,1.4044490251412416,-0.24958982745138697,1.4647972787936097,1.5044923328796977,-0.5057805388588731,-0.07352146220938081,
60,1.4872597805366572,0.06047756004577339,-0.5672121921533301,0.20394739466172898,0.4119163631766861,2.3409399821439254,1.4044490251412416,-0.24958982745138697,1.4647972787936097,1.5044923328796977,1.9771421064483223,1.249864857559473,
61,-0.17170870971812657,-1.3391459724421189,-0.5672121921533301,-0.9353449479313783,0.4119163631766861,-0.4271788288583805,-0.7120229941413736,-0.24958982745138697,-0.6826883245056191,-0.7948261381251233,-0.5057805388588731,1.249864857559473,6930000.0
62,0.9200289104440627,0.06047756004577339,-0.5672121921533301,0.20394739466172898,0.4119163631766861,-0.4271788288583805,-0.7120229941413736,-0.24958982745138697,1.4647972787936097,-0.7948261381251233,-0.5057805388588731,-1.3969077819782347,6930000.0
63,-0.8580217015769549,0.06047756004577339,-0.5672121921533301,0.20394739466172898,0.4119163631766861,-0.4271788288583805,-0.7120229941413736,-0.24958982745138697,-0.6826883245056191,1.5044923328796977,-0.5057805388588731,-0.07352146220938081,6895000.0
64,0.3055288011770852,0.06047756004577339,1.4523125359530327,2.4825320798479433,0.4119163631766861,-0.4271788288583805,-0.7120229941413736,-0.24958982745138697,1.4647972787936097,-0.7948261381251233,-0.5057805388588731,1.249864857559473,
65,0.08736308191070266,-1.3391459724421189,-0.5672121921533301,-0.9353449479313783,0.4119163631766861,-0.4271788288583805,-0.7120229941413736,-0.24958982745138697,-0.6826883245056191,0.35483309737728724,1.9771421064483223,1.249864857559473,
66,-0.4944121694663174,0.06047756004577339,-0.5672121921533301,0.20394739466172898,0.4119163631766861,-0.4271788288583805,-0.7120229941413736,-0.24958982745138697,-0.6826883245056191,0.35483309737728724,-0.5057805388588731,-0.07352146220938081,
67,0.34188975438814895,0.06047756004577339,-0.5672121921533301,-0.9353449479313783,0.4119163631766861,-0.4271788288583805,-0.7120229941413736,-0.24958982745138697,-0.6826883245056191,0.35483309737728724,-0.5057805388588731,1.249864857559473,6755000.0
68,-0.694397412127168,0.06047756004577339,-0.5672121921533301,0.20394739466172898,-2.4276772893604694,-0.4271788288583805,-0.7120229941413736,-0.24958982745138697,-0.6826883245056191,0.35483309737728724,-0.5057805388588731,1.249864857559473,
69,-0.4944121694663174,-1.3391459724421189,-0.5672121921533301,-0.9353449479313783,0.4119163631766861,-0.4271788288583805,-0.7120229941413736,-0.24958982745138697,-0.6826883245056191,-0.7948261381251233,-0.5057805388588731,1.249864857559473,6685000.0
70,0.5600554736545315,-1.3391459724421189,-0.5672121921533301,-0.9353449479313783,0.4119163631766861,-0.4271788288583805,1.4044490251412416,-0.24958982745138697,1.4647972787936097,0.35483309737728724,-0.5057805388588731,-1.3969077819782347,6650000.0
71,-1.0261911101781247,-1.3391459724421189,-0.5672121921533301,0.20394739466172898,0.4119163631766861,2.3409399821439254,1.4044490251412416,-0.24958982745138697,-0.6826883245056191,-0.7948261381251233,1.9771421064483223,-0.07352146220938081,
72,-0.22170502038333925,1.4601010925336657,-0.5672121921533301,0.20394739466172898,0.4119163631766861,-0.4271788288583805,-0.7120229941413736,-0.24958982745138697,-0.6826883245056191,0.35483309737728724,-0.5057805388588731,-0.07352146220938081,6650000.0
73,1.7599669296196354,1.4601010925336657,1.4523125359530327,2.4825320798479433,0.4119163631766861,-0.4271788288583805,-0.7120229941413736,-0.24958982745138697,1.4647972787936097,1.5044923328796977,-0.5057805388588731,-1.3969077819782347,6650000.0
74,-0.14898311396121172,0.06047756004577339,1.4523125359530327,2.4825320798479433,0.4119163631766861,2.3409399821439254,-0.7120229941413736,-0.24958982745138697,1.4647972787936097,-0.7948261381251233,-0.5057805388588731,-1.3969077819782347,
75,-0.5125926460718493,1.4601010925336657,1.4523125359530327,0.20394739466172898,-2.4276772893604694,-0.4271788288583805,-0.7120229941413736,-0.24958982745138697,-0.6826883245056191,-0.7948261381251233,-0.5057805388588731,-0.07352146220938081,
76,-0.3762390715303602,0.06047756004577339,1.4523125359530327,0.20394739466172898,0.4119163631766861,-0.4271788288583805,1.4044490251412416,-0.24958982745138697,-0.6826883245056191,0.35483309737728724,-0.5057805388588731,1.249864857559473,
77,1.7054254998030396,0.06047756004577339,1.4523125359530327,0.20394739466172898,0.4119163631766861,-0.4271788288583805,1.4044490251412416,-0.24958982745138697,1.4647972787936097,0.35483309737728724,-0.5057805388588731,-1.3969077819782347,6615000.0
78,0.12372403512176641,1.4601010925336657,-0.5672121921533301,0.20394739466172898,0.4119163631766861,-0.4271788288583805,-0.7120229941413736,-0.24958982745138697,-0.6826883245056191,-0.7948261381251233,-0.5057805388588731,-0.07352146220938081,
79,-0.06171682625465873,0.06047756004577339,1.4523125359530327,0.20394739466172898,0.4119163631766861,-0.4271788288583805,-0.7120229941413736,-0.24958982745138697,-0.6826883245056191,1.5044923328796977,-0.5057805388588731,1.249864857559473,6580000.0
80,-0.8471134156136358,-1.3391459724421189,-0.5672121921533301,-0.9353449479313783,0.4119163631766861,-0.4271788288583805,-0.7120229941413736,-0.24958982745138697,-0.6826883245056191,-0.7948261381251233,-0.5057805388588731,1.249864857559473,6510000.0
81,1.4190829932659126,0.06047756004577339,-0.5672121921533301,-0.9353449479313783,0.4119163631766861,-0.4271788288583805,-0.7120229941413736,-0.24958982745138697,-0.6826883245056191,1.5044923328796977,-0.5057805388588731,-1.3969077819782347,6510000.0
82,1.3418159676924022,0.06047756004577339,-0.5672121921533301,-0.9353449479313783,0.4119163631766861,-0.4271788288583805,-0.7120229941413736,-0.24958982745138697,1.4647972787936097,1.5044923328796977,-0.5057805388588731,-0.07352146220938081,6510000.0
83,1.8354159075325926,-1.3391459724421189,-0.5672121921533301,-0.9353449479313783,0.4119163631766861,-0.4271788288583805,1.4044490251412416,-0.24958982745138697,1.4647972787936097,1.5044923328796977,-0.5057805388588731,-0.07352146220938081,6475000.0
84,-0.7307583653382318,0.06047756004577339,-0.5672121921533301,0.20394739466172898,0.4119163631766861,-0.4271788288583805,-0.7120229941413736,-0.24958982745138697,-0.6826883245056191,-0.7948261381251233,1.9771421064483223,-0.07352146220938081,6475000.0
85,0.6236871417738931,0.06047756004577339,1.4523125359530327,1.3432397372548361,0.4119163631766861,-0.4271788288583805,-0.7120229941413736,-0.24958982745138697,1.4647972787936097,-0.7948261381251233,1.9771421064483223,-1.3969077819782347,
86,0.8509430993430415,0.06047756004577339,-0.5672121921533301,-0.9353449479313783,0.4119163631766861,-0.4271788288583805,-0.7120229941413736,-0.24958982745138697,-0.6826883245056191,2.654151568382108,-0.5057805388588731,-1.3969077819782347,6440000.0
87,0.39643118420474455,1.4601010925336657,1.4523125359530327,2.4825320798479433,0.4119163631766861,-0.4271788288583805,-0.7120229941413736,-0.24958982745138697,1.4647972787936097,0.35483309737728724,-0.5057805388588731,-0.07352146220938081,6419000.0
88,-1.3557122486533901,1.4601010925336657,1.4523125359530327,-0.9353449479313783,0.4119163631766861,-0.4271788288583805,1.4044490251412416,-0.24958982745138697,-0.6826883245056191,-0.7948261381251233,1.9771421064483223,1.249864857559473,6405000.0
89,0.3782507075992127,0.06047756004577339,3.4718372640593955,0.20394739466172898,0.4119163631766861,2.3409399821439254,1.4044490251412416,-0.24958982745138697,-0.6826883245056191,0.35483309737728724,-0.5057805388588731,1.249864857559473,6300000.0
90,-0.4694140141337111,-1.3391459724421189,-0.5672121921533301,-0.9353449479313783,0.4119163631766861,-0.4271788288583805,-0.7120229941413736,-0.24958982745138697,-0.6826883245056191,1.5044923328796977,-0.5057805388588731,-0.07352146220938081,
91,-0.6807620546730191,-1.3391459724421189,-0.5672121921533301,-0.9353449479313783,0.4119163631766861,-0.4271788288583805,-0.7120229941413736,-0.24958982745138697,-0.6826883245056191,-0.7948261381251233,-0.5057805388588731,1.249864857559473,6300000.0
92,-1.3557122486533901,0.06047756004577339,-0.5672121921533301,1.3432397372548361,0.4119163631766861,-0.4271788288583805,-0.7120229941413736,-0.24958982745138697,-0.6826883245056191,-0.7948261381251233,1.9771421064483223,-1.3969077819782347,
93,-0.6580364589161043,0.06047756004577339,1.4523125359530327,0.20394739466172898,0.4119163631766861,-0.4271788288583805,-0.7120229941413736,-0.24958982745138697,-0.6826883245056191,-0.7948261381251233,-0.5057805388588731,-0.07352146220938081,6300000.0
94,-1.2057233166577521,0.06047756004577339,-0.5672121921533301,0.20394739466172898,0.4119163631766861,-0.4271788288583805,-0.7120229941413736,-0.24958982745138697,-0.6826883245056191,-0.7948261381251233,-0.5057805388588731,-1.3969077819782347,6293000.0
95,-0.7762095568520615,1.4601010925336657,1.4523125359530327,0.20394739466172898,0.4119163631766861,-0.4271788288583805,-0.7120229941413736,-0.24958982745138697,-0.6826883245056191,-0.7948261381251233,-0.5057805388588731,-0.07352146220938081,6265000.0
96,0.8509430993430415,0.06047756004577339,-0.5672121921533301,2.4825320798479433,0.4119163631766861,-0.4271788288583805,-0.7120229941413736,-0.24958982745138697,1.4647972787936097,1.5044923328796977,-0.5057805388588731,-0.07352146220938081,
97,-0.694397412127168,-1.3391459724421189,-0.5672121921533301,-0.9353449479313783,0.4119163631766861,-0.4271788288583805,-0.7120229941413736,-0.24958982745138697,-0.6826883245056191,-0.7948261381251233,-0.5057805388588731,1.249864857559473,
98,-0.47623169286078554,-1.3391459724421189,-0.5672121921533301,-0.9353449479313783,0.4119163631766861,-0.4271788288583805,-0.7120229941413736,-0.24958982745138697,-0.6826883245056191,-0.7948261381251233,-0.5057805388588731,-0.07352146220938081,6195000.0
99,0.4918786863837869,1.4601010925336657,-0.5672121921533301,2.4825320798479433,0.4119163631766861,2.3409399821439254,-0.7120229941413736,-0.24958982745138697,1.4647972787936097,-0.7948261381251233,-0.5057805388588731,-1.3969077819782347,6195000.0
100,-0.3307878800165305,0.06047756004577339,-0.5672121921533301,0.20394739466172898,0.4119163631766861,-0.4271788288583805,-0.7120229941413736,-0.24958982745138697,-0.6826883245056191,-0.7948261381251233,-0.5057805388588731,1.249864857559473,
101,-0.10353192244738205,0.06047756004577339,-0.5672121921533301,0.20394739466172898,-2.4276772893604694,-0.4271788288583805,-0.7120229941413736,-0.24958982745138697,-0.6826883245056191,-0.7948261381251233,-0.5057805388588731,1.249864857559473,
102,2.4417348023270806,1.4601010925336657,1.4523125359530327,0.20394739466172898,0.4119163631766861,-0.4271788288583805,-0.7120229941413736,-0.24958982745138697,-0.6826883245056191,0.35483309737728724,-0.5057805388588731,-0.07352146220938081,
103,0.41461166081027645,0.06047756004577339,-0.5672121921533301,-0.9353449479313783,0.4119163631766861,-0.4271788288583805,-0.7120229941413736,-0.24958982745138697,-0.6826883245056191,1.5044923328796977,1.9771421064483223,-0.07352146220938081,
104,-0.8580217015769549,1.4601010925336657,-0.5672121921533301,1.3432397372548361,0.4119163631766861,-0.4271788288583805,-0.7120229941413736,-0.24958982745138697,-0.6826883245056191,0.35483309737728724,-0.5057805388588731,-0.07352146220938081,6107500.0
105,-0.34442323747067943,0.06047756004577339,-0.5672121921533301,0.20394739466172898,0.4119163631766861,-0.4271788288583805,-0.7120229941413736,-0.24958982745138697,-0.6826883245056191,-0.7948261381251233,-0.5057805388588731,1.249864857559473,6090000.0
106,-0.9398338463018484,0.06047756004577339,-0.5672121921533301,-0.9353449479313783,0.4119163631766861,-0.4271788288583805,-0.7120229941413736,-0.24958982745138697,-0.6826883245056191,-0.7948261381251233,-0.5057805388588731,1.249864857559473,6090000.0
107,-1.3557122486533901,0.06047756004577339,-0.5672121921533301,1.3432397372548361,0.4119163631766861,-0.4271788288583805,-0.7120229941413736,-0.24958982745138697,-0.6826883245056191,-0.7948261381251233,1.9771421064483223,-1.3969077819782347,
108,0.8509430993430415,0.06047756004577339,-0.5672121921533301,0.20394739466172898,0.4119163631766861,-0.4271788288583805,1.4044490251412416,-0.24958982745138697,-0.6826883245056191,-0.7948261381251233,-0.5057805388588731,1.249864857559473,
109,-0.28533668850270083,0.06047756004577339,-0.5672121921533301,0.20394739466172898,0.4119163631766861,-0.4271788288583805,-0.7120229941413736,-0.24958982745138697,1.4647972787936097,-0.7948261381251233,-0.5057805388588731,1.249864857559473,6083000.0
110,-0.14898311396121172,-1.3391459724421189,-0.5672121921533301,-0.9353449479313783,0.4119163631766861,2.3409399821439254,1.4044490251412416,-0.24958982745138697,-0.6826883245056191,-0.7948261381251233,-0.5057805388588731,-0.07352146220938081,6020000.0
111,-0.14216543523413727,-1.3391459724421189,-0.5672121921533301,-0.9353449479313783,0.4119163631766861,-0.4271788288583805,-0.7120229941413736,-0.24958982745138697,1.4647972787936097,-0.7948261381251233,1.9771421064483223,-0.07352146220938081,6020000.0
112,-0.5125926460718493,-1.3391459724421189,-0.5672121921533301,-0.9353449479313783,0.4119163631766861,-0.4271788288583805,-0.7120229941413736,-0.24958982745138697,-0.6826883245056191,-0.7948261381251233,-0.5057805388588731,1.249864857559473,
113,-0.9807399186642951,0.06047756004577339,-0.5672121921533301,1.3432397372548361,0.4119163631766861,-0.4271788288583805,-0.7120229941413736,-0.24958982745138697,-0.6826883245056191,-0.7948261381251233,-0.5057805388588731,-0.07352146220938081,
114,-0.2807915693513178,1.4601010925336657,1.4523125359530327,0.20394739466172898,0.4119163631766861,-0.4271788288583805,1.4044490251412416,-0.24958982745138697,-0.6826883245056191,-0.7948261381251233,-0.5057805388588731,-0.07352146220938081,5950000.0
115,-0.5271370273562748,0.06047756004577339,-0.5672121921533301,0.20394739466172898,-2.4276772893604694,-0.4271788288583805,-0.7120229941413736,-0.24958982745138697,-0.6826883245056191,-0.7948261381251233,-0.5057805388588731,-0.07352146220938081,5950000.0
116,0.39643118420474455,1.4601010925336657,1.4523125359530327,2.4825320798479433,0.4119163631766861,-0.4271788288583805,-0.7120229941413736,-0.24958982745138697,1.4647972787936097,-0.7948261381251233,-0.5057805388588731,1.249864857559473,5950000.0
117,1.2827294187244236,2.859724625021558,1.4523125359530327,0.20394739466172898,0.4119163631766861,-0.4271788288583805,1.4044490251412416,4.006573545930159,-0.6826883245056191,1.5044923328796977,-0.5057805388588731,1.249864857559473,5950000.0
118,1.3509062059951682,1.4601010925336657,-0.5672121921533301,2.4825320798479433,0.4119163631766861,-0.4271788288583805,1.4044490251412416,-0.24958982745138697,1.4647972787936097,1.5044923328796977,-0.5057805388588731,-0.07352146220938081,
119,1.4190829932659126,0.06047756004577339,-0.5672121921533301,-0.9353449479313783,0.4119163631766861,-0.4271788288583805,1.4044490251412416,-0.24958982745138697,-0.6826883245056191,2.654151568382108,-0.5057805388588731,-0.07352146220938081,5950000.0
120,0.39643118420474455,-1.3391459724421189,-0.5672121921533301,-0.9353449479313783,0.4119163631766861,-0.4271788288583805,1.4044490251412416,-0.24958982745138697,1.4647972787936097,0.35483309737728724,-0.5057805388588731,-1.3969077819782347,5950000.0
121,-0.14898311396121172,0.06047756004577339,-0.5672121921533301,1.3432397372548361,0.4119163631766861,-0.4271788288583805,-0.7120229941413736,-0.24958982745138697,1.4647972787936097,-0.7948261381251233,-0.5057805388588731,1.249864857559473,5943000.0
122,1.3054550144813384,0.06047756004577339,-0.5672121921533301,-0.9353449479313783,0.4119163631766861,2.3409399821439254,1.4044490251412416,-0.24958982745138697,1.4647972787936097,1.5044923328796977,1.9771421064483223,-0.07352146220938081,
123,0.16917522663559612,0.06047756004577339,1.4523125359530327,-0.9353449479313783,0.4119163631766861,-0.4271788288583805,1.4044490251412416,-0.24958982745138697,-0.6826883245056191,-0.7948261381251233,-0.5057805388588731,-0.07352146220938081,5880000.0
124,-0.5307731226773812,0.06047756004577339,-0.5672121921533301,-0.9353449479313783,0.4119163631766861,-0.4271788288583805,-0.7120229941413736,-0.24958982745138697,-0.6826883245056191,-0.7948261381251233,-0.5057805388588731,-1.3969077819782347,
125,-0.6034950290995087,-1.3391459724421189,-0.5672121921533301,-0.9353449479313783,0.4119163631766861,-0.4271788288583805,-0.7120229941413736,-0.24958982745138697,-0.6826883245056191,-0.7948261381251233,-0.5057805388588731,1.249864857559473,5873000.0
126,0.39643118420474455,1.4601010925336657,1.4523125359530327,2.4825320798479433,0.4119163631766861,-0.4271788288583805,-0.7120229941413736,-0.24958982745138697,1.4647972787936097,0.35483309737728724,-0.5057805388588731,-1.3969077819782347,
127,-0.7852997951548274,0.06047756004577339,-0.5672121921533301,0.20394739466172898,0.4119163631766861,-0.4271788288583805,1.4044490251412416,-0.24958982745138697,-0.6826883245056191,1.5044923328796977,1.9771421064483223,-0.07352146220938081,5810000.0
128,-0.6762169355216362,-1.3391459724421189,-0.5672121921533301,-0.9353449479313783,0.4119163631766861,-0.4271788288583805,-0.7120229941413736,-0.24958982745138697,-0.6826883245056191,-0.7948261381251233,-0.5057805388588731,-1.3969077819782347,5810000.0
129,0.39643118420474455,0.06047756004577339,1.4523125359530327,2.4825320798479433,0.4119163631766861,-0.4271788288583805,-0.7120229941413736,-0.24958982745138697,1.4647972787936097,-0.7948261381251233,-0.5057805388588731,-0.07352146220938081,5810000.0
130,-0.6807620546730191,-1.3391459724421189,-0.5672121921533301,-0.9353449479313783,0.4119163631766861,-0.4271788288583805,1.4044490251412416,-0.24958982745138697,-0.6826883245056191,-0.7948261381251233,-0.5057805388588731,-1.3969077819782347,5803000.0
131,0.23280689475495767,-1.3391459724421189,-0.5672121921533301,-0.9353449479313783,-2.4276772893604694,-0.4271788288583805,-0.7120229941413736,-0.24958982745138697,-0.6826883245056191,-0.7948261381251233,-0.5057805388588731,-0.07352146220938081,5775000.0
132,0.9691161972789987,0.06047756004577339,1.4523125359530327,-0.9353449479313783,0.4119163631766861,2.3409399821439254,1.4044490251412416,-0.24958982745138697,-0.6826883245056191,2.654151568382108,-0.5057805388588731,-1.3969077819782347,
133,1.5327109720504868,0.06047756004577339,1.4523125359530327,2.4825320798479433,0.4119163631766861,-0.4271788288583805,-0.7120229941413736,-0.24958982745138697,1.4647972787936097,1.5044923328796977,-0.5057805388588731,-1.3969077819782347,5740000.0
134,-0.9884666212216462,0.06047756004577339,-0.5672121921533301,0.20394739466172898,0.4119163631766861,-0.4271788288583805,1.4044490251412416,-0.24958982745138697,1.4647972787936097,-0.7948261381251233,-0.5057805388588731,1.249864857559473,
135,-0.48986705031493444,-1.3391459724421189,-0.5672121921533301,0.20394739466172898,0.4119163631766861,2.3409399821439254,1.4044490251412416,-0.24958982745138697,-0.6826883245056191,-0.7948261381251233,1.9771421064483223,1.249864857559473,
136,-0.9489240846046143,-1.3391459724421189,-0.5672121921533301,-0.9353449479313783,-2.4276772893604694,-0.4271788288583805,-0.7120229941413736,-0.24958982745138697,-0.6826883245056191,-0.7948261381251233,-0.5057805388588731,1.249864857559473,5740000.0
137,0.3441623139638404,-1.3391459724421189,-0.5672121921533301,-0.9353449479313783,0.4119163631766861,-0.4271788288583805,-0.7120229941413736,-0.24958982745138697,1.4647972787936097,0.35483309737728724,-0.5057805388588731,1.249864857559473,
138,-0.628493184432115,0.06047756004577339,-0.5672121921533301,0.20394739466172898,0.4119163631766861,-0.4271788288583805,1.4044490251412416,-0.24958982745138697,-0.6826883245056191,-0.7948261381251233,-0.5057805388588731,-1.3969077819782347,5600000.0
139,0.6009615460169782,0.06047756004577339,1.4523125359530327,-0.9353449479313783,0.4119163631766861,2.3409399821439254,1.4044490251412416,4.006573545930159,-0.6826883245056191,-0.7948261381251233,-0.5057805388588731,1.249864857559473,5600000.0
140,-0.5307731226773812,0.06047756004577339,-0.5672121921533301,-0.9353449479313783,0.4119163631766861,-0.4271788288583805,1.4044490251412416,-0.24958982745138697,-0.6826883245056191,1.5044923328796977,-0.5057805388588731,-0.07352146220938081,
141,0.9559353517399881,0.06047756004577339,-0.5672121921533301,0.20394739466172898,0.4119163631766861,2.3409399821439254,1.4044490251412416,-0.24958982745138697,1.4647972787936097,-0.7948261381251233,1.9771421064483223,-0.07352146220938081,
142,0.16917522663559612,1.4601010925336657,1.4523125359530327,0.20394739466172898,0.4119163631766861,-0.4271788288583805,1.4044490251412416,-0.24958982745138697,1.4647972787936097,0.35483309737728724,1.9771421064483223,-0.07352146220938081,
143,0.7600407163153821,-1.3391459724421189,-0.5672121921533301,-0.9353449479313783,0.4119163631766861,2.3409399821439254,1.4044490251412416,-0.24958982745138697,-0.6826883245056191,1.5044923328796977,-0.5057805388588731,-1.3969077819782347,5600000.0
144,-0.8307509866686571,0.06047756004577339,3.4718372640593955,0.20394739466172898,0.4119163631766861,-0.4271788288583805,1.4044490251412416,-0.24958982745138697,-0.6826883245056191,-0.7948261381251233,-0.5057805388588731,-0.07352146220938081,
145,0.8054919078292118,0.06047756004577339,-0.5672121921533301,-0.9353449479313783,0.4119163631766861,2.3409399821439254,1.4044490251412416,-0.24958982745138697,-0.6826883245056191,-0.7948261381251233,1.9771421064483223,-0.07352146220938081,5600000.0
146,-0.36714883322759423,0.06047756004577339,-0.5672121921533301,0.20394739466172898,0.4119163631766861,-0.4271788288583805,1.4044490251412416,4.006573545930159,-0.6826883245056191,1.5044923328796977,-0.5057805388588731,-0.07352146220938081,5600000.0
147,0.3509799926909149,-1.3391459724421189,-0.5672121921533301,-0.9353449479313783,0.4119163631766861,-0.4271788288583805,-0.7120229941413736,-0.24958982745138697,-0.6826883245056191,0.35483309737728724,-0.5057805388588731,-1.3969077819782347,5565000.0
148,-0.596222838457296,-1.3391459724421189,-0.5672121921533301,-0.9353449479313783,0.4119163631766861,-0.4271788288583805,1.4044490251412416,-0.24958982745138697,1.4647972787936097,1.5044923328796977,-0.5057805388588731,-1.3969077819782347,5565000.0
149,2.0417643170053794,0.06047756004577339,-0.5672121921533301,-0.9353449479313783,0.4119163631766861,-0.4271788288583805,1.4044490251412416,-0.24958982745138697,-0.6826883245056191,1.5044923328796977,1.9771421064483223,-1.3969077819782347,5530000.0
150,-1.144364208114082,0.06047756004577339,-0.5672121921533301,0.20394739466172898,0.4119163631766861,-0.4271788288583805,1.4044490251412416,-0.24958982745138697,-0.6826883245056191,-0.7948261381251233,1.9771421064483223,1.249864857559473,5530000.0
151,-0.14898311396121172,2.859724625021558,1.4523125359530327,1.3432397372548361,-2.4276772893604694,-0.4271788288583805,1.4044490251412416,4.006573545930159,-0.6826883245056191,-0.7948261381251233,-0.5057805388588731,1.249864857559473,5530000.0
152,-0.6216755057050405,0.06047756004577339,-0.5672121921533301,-0.9353449479313783,0.4119163631766861,-0.4271788288583805,-0.7120229941413736,-0.24958982745138697,-0.6826883245056191,1.5044923328796977,-0.5057805388588731,-0.07352146220938081,5523000.0
153,-0.10353192244738205,-1.3391459724421189,-0.5672121921533301,0.20394739466172898,0.4119163631766861,-0.4271788288583805,1.4044490251412416,-0.24958982745138697,-0.6826883245056191,-0.7948261381251233,-0.5057805388588731,-0.07352146220938081,
154,-1.1852702804765287,2.859724625021558,1.4523125359530327,-0.9353449479313783,-2.4276772893604694,-0.4271788288583805,1.4044490251412416,-0.24958982745138697,1.4647972787936097,0.35483309737728724,-0.5057805388588731,-1.3969077819782347,
155,-0.7398486036409977,1.4601010925336657,-0.5672121921533301,0.20394739466172898,0.4119163631766861,-0.4271788288583805,-0.7120229941413736,-0.24958982745138697,1.4647972787936097,1.5044923328796977,-0.5057805388588731,1.249864857559473,
156,-0.6807620546730191,0.06047756004577339,1.4523125359530327,0.20394739466172898,0.4119163631766861,-0.4271788288583805,-0.7120229941413736,4.006573545930159,-0.6826883245056191,1.5044923328796977,-0.5057805388588731,-0.07352146220938081,5460000.0
157,0.614596903471127,0.06047756004577339,-0.5672121921533301,0.20394739466172898,-2.4276772893604694,-0.4271788288583805,-0.7120229941413736,-0.24958982745138697,1.4647972787936097,0.35483309737728724,-0.5057805388588731,-0.07352146220938081,
158,-0.6807620546730191,1.4601010925336657,-0.5672121921533301,0.20394739466172898,0.4119163631766861,-0.4271788288583805,-0.7120229941413736,-0.24958982745138697,-0.6826883245056191,2.654151568382108,-0.5057805388588731,-0.07352146220938081,
159,2.1508471766385706,0.06047756004577339,-0.5672121921533301,-0.9353449479313783,0.4119163631766861,-0.4271788288583805,-0.7120229941413736,-0.24958982745138697,-0.6826883245056191,-0.7948261381251233,-0.5057805388588731,-0.07352146220938081,
160,-0.28533668850270083,-1.3391459724421189,-0.5672121921533301,-0.9353449479313783,-2.4276772893604694,-0.4271788288583805,-0.7120229941413736,-0.24958982745138697,-0.6826883245056191,-0.7948261381251233,-0.5057805388588731,-1.3969077819782347,5390000.0
161,0.1669026670599046,0.06047756004577339,-0.5672121921533301,-0.9353449479313783,0.4119163631766861,-0.4271788288583805,1.4044490251412416,-0.24958982745138697,-0.6826883245056191,-0.7948261381251233,-0.5057805388588731,1.249864857559473,5383000.0
162,-0.258065973594403,0.06047756004577339,1.4523125359530327,0.20394739466172898,0.4119163631766861,2.3409399821439254,1.4044490251412416,-0.24958982745138697,1.4647972787936097,0.35483309737728724,-0.5057805388588731,-1.3969077819782347,
163,0.16917522663559612,1.4601010925336657,-0.5672121921533301,0.20394739466172898,0.4119163631766861,2.3409399821439254,1.4044490251412416,-0.24958982745138697,-0.6826883245056191,-0.7948261381251233,-0.5057805388588731,-0.07352146220938081,5285000.0
164,-0.4766862047759238,0.06047756004577339,-0.5672121921533301,1.3432397372548361,0.4119163631766861,-0.4271788288583805,-0.7120229941413736,-0.24958982745138697,-0.6826883245056191,-0.7948261381251233,-0.5057805388588731,-0.07352146220938081,5250000.0
165,-1.110730326393848,-1.3391459724421189,-0.5672121921533301,-0.9353449479313783,0.4119163631766861,-0.4271788288583805,-0.7120229941413736,-0.24958982745138697,1.4647972787936097,0.35483309737728724,-0.5057805388588731,1.249864857559473,
166,-0.7398486036409977,1.4601010925336657,-0.5672121921533301,0.20394739466172898,0.4119163631766861,-0.4271788288583805,-0.7120229941413736,-0.24958982745138697,-0.6826883245056191,1.5044923328796977,-0.5057805388588731,-1.3969077819782347,5250000.0
167,-0.6807620546730191,-1.3391459724421189,-0.5672121921533301,-0.9353449479313783,0.4119163631766861,-0.4271788288583805,-0.7120229941413736,-0.24958982745138697,1.4647972787936097,-0.7948261381251233,-0.5057805388588731,1.249864857559473,
168,0.12372403512176641,-1.3391459724421189,-0.5672121921533301,0.20394739466172898,0.4119163631766861,-0.4271788288583805,-0.7120229941413736,-0.24958982745138697,-0.6826883245056191,-0.7948261381251233,1.9771421064483223,-0.07352146220938081,5250000.0
169,-0.9357432390656037,-1.3391459724421189,-0.5672121921533301,-0.9353449479313783,0.4119163631766861,-0.4271788288583805,-0.7120229941413736,-0.24958982745138697,-0.6826883245056191,0.35483309737728724,-0.5057805388588731,1.249864857559473,5250000.0
170,5.032452718615374,2.859724625021558,3.4718372640593955,0.20394739466172898,0.4119163631766861,-0.4271788288583805,-0.7120229941413736,-0.24958982745138697,-0.6826883245056191,-0.7948261381251233,-0.5057805388588731,1.249864857559473,
171,-0.5125926460718493,-1.3391459724421189,-0.5672121921533301,-0.9353449479313783,0.4119163631766861,-0.4271788288583805,-0.7120229941413736,-0.24958982745138697,-0.6826883245056191,-0.7948261381251233,-0.5057805388588731,1.249864857559473,
172,2.878066240859846,0.06047756004577339,-0.5672121921533301,1.3432397372548361,0.4119163631766861,-0.4271788288583805,-0.7120229941413736,-0.24958982745138697,-0.6826883245056191,1.5044923328796977,1.9771421064483223,-0.07352146220938081,
173,1.2009172739995302,-1.3391459724421189,-0.5672121921533301,-0.9353449479313783,0.4119163631766861,-0.4271788288583805,-0.7120229941413736,-0.24958982745138697,-0.6826883245056191,0.35483309737728724,-0.5057805388588731,-1.3969077819782347,
174,-1.144364208114082,1.4601010925336657,3.4718372640593955,0.20394739466172898,-2.4276772893604694,-0.4271788288583805,-0.7120229941413736,-0.24958982745138697,-0.6826883245056191,-0.7948261381251233,-0.5057805388588731,-0.07352146220938081,5229000.0
175,-0.5125926460718493,0.06047756004577339,1.4523125359530327,0.20394739466172898,0.4119163631766861,-0.4271788288583805,1.4044490251412416,-0.24958982745138697,1.4647972787936097,0.35483309737728724,-0.5057805388588731,-0.07352146220938081,
176,0.26916784796602145,-1.3391459724421189,-0.5672121921533301,0.20394739466172898,0.4119163631766861,-0.4271788288583805,-0.7120229941413736,-0.24958982745138697,1.4647972787936097,-0.7948261381251233,1.9771421064483223,1.249864857559473,5215000.0
177,0.3782507075992127,0.06047756004577339,-0.5672121921533301,0.20394739466172898,0.4119163631766861,2.3409399821439254,1.4044490251412416,-0.24958982745138697,-0.6826883245056191,-0.7948261381251233,-0.5057805388588731,1.249864857559473,5215000.0
178,-0.36714883322759423,0.06047756004577339,-0.5672121921533301,-0.9353449479313783,-2.4276772893604694,-0.4271788288583805,-0.7120229941413736,-0.24958982745138697,-0.6826883245056191,0.35483309737728724,-0.5057805388588731,1.249864857559473,5145000.0
179,-0.9671045612101462,1.4601010925336657,-0.5672121921533301,0.20394739466172898,0.4119163631766861,-0.4271788288583805,-0.7120229941413736,-0.24958982745138697,-0.6826883245056191,-0.7948261381251233,-0.5057805388588731,1.249864857559473,
180,0.5600554736545315,-1.3391459724421189,-0.5672121921533301,-0.9353449479313783,0.4119163631766861,-0.4271788288583805,-0.7120229941413736,-0.24958982745138697,-0.6826883245056191,-0.7948261381251233,-0.5057805388588731,-1.3969077819782347,5110000.0
181,0.3055288011770852,0.06047756004577339,-0.5672121921533301,-0.9353449479313783,0.4119163631766861,-0.4271788288583805,-0.7120229941413736,4.006573545930159,-0.6826883245056191,1.5044923328796977,-0.5057805388588731,-0.07352146220938081,
182,-0.8580217015769549,-1.3391459724421189,-0.5672121921533301,-0.9353449479313783,-2.4276772893604694,2.3409399821439254,-0.7120229941413736,-0.24958982745138697,-0.6826883245056191,0.35483309737728724,-0.5057805388588731,1.249864857559473,5110000.0
183,2.855340645102931,-1.3391459724421189,-0.5672121921533301,0.20394739466172898,0.4119163631766861,-0.4271788288583805,-0.7120229941413736,-0.24958982745138697,-0.6826883245056191,-0.7948261381251233,1.9771421064483223,-1.3969077819782347,5110000.0
184,1.0700178424397007,0.06047756004577339,1.4523125359530327,1.3432397372548361,0.4119163631766861,-0.4271788288583805,-0.7120229941413736,4.006573545930159,-0.6826883245056191,0.35483309737728724,1.9771421064483223,-1.3969077819782347,5075000.0
185,-0.6216755057050405,0.06047756004577339,-0.5672121921533301,0.20394739466172898,0.4119163631766861,-0.4271788288583805,-0.7120229941413736,4.006573545930159,-0.6826883245056191,1.5044923328796977,-0.5057805388588731,-0.07352146220938081,
186,0.4237018991130424,-1.3391459724421189,-0.5672121921533301,-0.9353449479313783,0.4119163631766861,-0.4271788288583805,1.4044490251412416,-0.24958982745138697,-0.6826883245056191,0.35483309737728724,-0.5057805388588731,-0.07352146220938081,5040000.0
187,-0.6262206248564235,-1.3391459724421189,-0.5672121921533301,-0.9353449479313783,0.4119163631766861,2.3409399821439254,1.4044490251412416,-0.24958982745138697,-0.6826883245056191,-0.7948261381251233,-0.5057805388588731,-0.07352146220938081,5040000.0
188,0.39643118420474455,1.4601010925336657,-0.5672121921533301,0.20394739466172898,0.4119163631766861,-0.4271788288583805,1.4044490251412416,-0.24958982745138697,-0.6826883245056191,1.5044923328796977,-0.5057805388588731,-0.07352146220938081,
189,-0.9125631313935506,0.06047756004577339,-0.5672121921533301,0.20394739466172898,-2.4276772893604694,-0.4271788288583805,1.4044490251412416,4.006573545930159,-0.6826883245056191,-0.7948261381251233,-0.5057805388588731,-0.07352146220938081,5033000.0
190,0.07827284360793672,0.06047756004577339,-0.5672121921533301,-0.9353449479313783,-2.4276772893604694,-0.4271788288583805,-0.7120229941413736,-0.24958982745138697,1.4647972787936097,-0.7948261381251233,1.9771421064483223,1.249864857559473,
191,-0.05808073093355235,0.06047756004577339,-0.5672121921533301,0.20394739466172898,0.4119163631766861,-0.4271788288583805,-0.7120229941413736,-0.24958982745138697,1.4647972787936097,-0.7948261381251233,-0.5057805388588731,-0.07352146220938081,4970000.0
192,-0.28533668850270083,0.06047756004577339,1.4523125359530327,1.3432397372548361,0.4119163631766861,-0.4271788288583805,-0.7120229941413736,4.006573545930159,-0.6826883245056191,0.35483309737728724,-0.5057805388588731,-1.3969077819782347,4970000.0
193,0.6464127375308079,0.06047756004577339,-0.5672121921533301,0.20394739466172898,0.4119163631766861,-0.4271788288583805,1.4044490251412416,-0.24958982745138697,1.4647972787936097,-0.7948261381251233,1.9771421064483223,-1.3969077819782347,4956000.0
194,-1.0580069442378055,0.06047756004577339,1.4523125359530327,0.20394739466172898,-2.4276772893604694,-0.4271788288583805,1.4044490251412416,-0.24958982745138697,1.4647972787936097,0.35483309737728724,-0.5057805388588731,-0.07352146220938081,
195,0.5055140438379359,1.4601010925336657,1.4523125359530327,0.20394739466172898,0.4119163631766861,-0.4271788288583805,-0.7120229941413736,-0.24958982745138697,1.4647972787936097,0.35483309737728724,-0.5057805388588731,-1.3969077819782347,4907000.0
196,0.39643118420474455,0.06047756004577339,1.4523125359530327,1.3432397372548361,0.4119163631766861,-0.4271788288583805,-0.7120229941413736,-0.24958982745138697,1.4647972787936097,-0.7948261381251233,-0.5057805388588731,-0.07352146220938081,
197,0.6009615460169782,1.4601010925336657,-0.5672121921533301,0.20394739466172898,0.4119163631766861,-0.4271788288583805,-0.7120229941413736,-0.24958982745138697,-0.6826883245056191,-0.7948261381251233,-0.5057805388588731,-0.07352146220938081,4900000.0
198,-0.1558007926882862,0.06047756004577339,-0.5672121921533301,0.20394739466172898,0.4119163631766861,2.3409399821439254,1.4044490251412416,-0.24958982745138697,1.4647972787936097,0.35483309737728724,-0.5057805388588731,-1.3969077819782347,4900000.0
199,0.39643118420474455,0.06047756004577339,1.4523125359530327,0.20394739466172898,0.4119163631766861,2.3409399821439254,-0.7120229941413736,-0.24958982745138697,1.4647972787936097,0.35483309737728724,-0.5057805388588731,-0.07352146220938081,4900000.0
200,-0.06035329050924384,1.4601010925336657,1.4523125359530327,-0.9353449479313783,0.4119163631766861,-0.4271788288583805,1.4044490251412416,-0.24958982745138697,-0.6826883245056191,-0.7948261381251233,-0.5057805388588731,-0.07352146220938081,
201,-0.23988549698887113,-1.3391459724421189,-0.5672121921533301,-0.9353449479313783,0.4119163631766861,-0.4271788288583805,-0.7120229941413736,-0.24958982745138697,-0.6826883245056191,-0.7948261381251233,-0.5057805388588731,-1.3969077819782347,4900000.0
202,-1.042099027207965,-1.3391459724421189,-0.5672121921533301,-0.9353449479313783,0.4119163631766861,-0.4271788288583805,-0.7120229941413736,-0.24958982745138697,-0.6826883245056191,-0.7948261381251233,-0.5057805388588731,-0.07352146220938081,
203,-0.6807620546730191,0.06047756004577339,3.4718372640593955,0.20394739466172898,-2.4276772893604694,2.3409399821439254,-0.7120229941413736,-0.24958982745138697,-0.6826883245056191,-0.7948261381251233,-0.5057805388588731,1.249864857559473,4900000.0
204,0.6236871417738931,0.06047756004577339,1.4523125359530327,1.3432397372548361,0.4119163631766861,-0.4271788288583805,-0.7120229941413736,-0.24958982745138697,1.4647972787936097,-0.7948261381251233,-0.5057805388588731,1.249864857559473,4900000.0
205,0.019186294639958124,0.06047756004577339,-0.5672121921533301,2.4825320798479433,0.4119163631766861,-0.4271788288583805,-0.7120229941413736,-0.24958982745138697,1.4647972787936097,-0.7948261381251233,-0.5057805388588731,-0.07352146220938081,
206,-0.6262206248564235,0.06047756004577339,-0.5672121921533301,-0.9353449479313783,0.4119163631766861,-0.4271788288583805,-0.7120229941413736,-0.24958982745138697,-0.6826883245056191,-0.7948261381251233,-0.5057805388588731,1.249864857559473,
207,3.6689169732004823,-1.3391459724421189,-0.5672121921533301,-0.9353449479313783,0.4119163631766861,-0.4271788288583805,1.4044490251412416,4.006573545930159,-0.6826883245056191,0.35483309737728724,-0.5057805388588731,-1.3969077819782347,4900000.0
208,-0.9125631313935506,0.06047756004577339,-0.5672121921533301,0.20394739466172898,-2.4276772893604694,-0.4271788288583805,-0.7120229941413736,-0.24958982745138697,-0.6826883245056191,-0.7948261381251233,-0.5057805388588731,-1.3969077819782347,
209,-0.5125926460718493,-1.3391459724421189,-0.5672121921533301,-0.9353449479313783,0.4119163631766861,-0.4271788288583805,-0.7120229941413736,-0.24958982745138697,-0.6826883245056191,-0.7948261381251233,1.9771421064483223,-0.07352146220938081,4893000.0
210,0.8509430993430415,0.06047756004577339,-0.5672121921533301,-0.9353449479313783,0.4119163631766861,-0.4271788288583805,1.4044490251412416,-0.24958982745138697,-0.6826883245056191,1.5044923328796977,1.9771421064483223,-0.07352146220938081,
211,2.5326371853547403,0.06047756004577339,-0.5672121921533301,0.20394739466172898,0.4119163631766861,2.3409399821439254,1.4044490251412416,-0.24958982745138697,-0.6826883245056191,-0.7948261381251233,-0.5057805388588731,-0.07352146220938081,
212,1.7031529402273482,0.06047756004577339,-0.5672121921533301,-0.9353449479313783,0.4119163631766861,-0.4271788288583805,-0.7120229941413736,-0.24958982745138697,-0.6826883245056191,0.35483309737728724,-0.5057805388588731,-0.07352146220938081,4830000.0
213,-0.5444084801315301,-1.3391459724421189,-0.5672121921533301,-0.9353449479313783,-2.4276772893604694,-0.4271788288583805,-0.7120229941413736,-0.24958982745138697,-0.6826883245056191,-0.7948261381251233,-0.5057805388588731,1.249864857559473,
214,0.6691383332877228,0.06047756004577339,-0.5672121921533301,2.4825320798479433,0.4119163631766861,-0.4271788288583805,-0.7120229941413736,-0.24958982745138697,1.4647972787936097,2.654151568382108,1.9771421064483223,-1.3969077819782347,4830000.0
215,-0.7307583653382318,-1.3391459724421189,1.4523125359530327,-0.9353449479313783,0.4119163631766861,-0.4271788288583805,1.4044490251412416,-0.24958982745138697,-0.6826883245056191,-0.7948261381251233,-0.5057805388588731,-0.07352146220938081,4795000.0
216,-0.9125631313935506,0.06047756004577339,-0.5672121921533301,0.20394739466172898,0.4119163631766861,-0.4271788288583805,-0.7120229941413736,-0.24958982745138697,-0.6826883245056191,0.35483309737728724,-0.5057805388588731,1.249864857559473,4795000.0
217,1.0418381037011262,1.4601010925336657,-0.5672121921533301,0.20394739466172898,0.4119163631766861,2.3409399821439254,1.4044490251412416,-0.24958982745138697,1.4647972787936097,1.5044923328796977,-0.5057805388588731,-1.3969077819782347,4767000.0
218,-0.40350978643865804,0.06047756004577339,-0.5672121921533301,0.20394739466172898,0.4119163631766861,-0.4271788288583805,-0.7120229941413736,-0.24958982745138697,1.4647972787936097,-0.7948261381251233,-0.5057805388588731,-0.07352146220938081,4760000.0
219,0.5327847587462337,0.06047756004577339,-0.5672121921533301,-0.9353449479313783,0.4119163631766861,-0.4271788288583805,-0.7120229941413736,-0.24958982745138697,1.4647972787936097,1.5044923328796977,-0.5057805388588731,-0.07352146220938081,4760000.0
220,-0.8830198569095613,-1.3391459724421189,-0.5672121921533301,-0.9353449479313783,0.4119163631766861,-0.4271788288583805,-0.7120229941413736,-0.24958982745138697,-0.6826883245056191,1.5044923328796977,-0.5057805388588731,1.249864857559473,
221,-0.8852924164852527,0.06047756004577339,-0.5672121921533301,0.20394739466172898,-2.4276772893604694,-0.4271788288583805,1.4044490251412416,-0.24958982745138697,-0.6826883245056191,-0.7948261381251233,-0.5057805388588731,-0.07352146220938081,4753000.0
222,-0.5125926460718493,0.06047756004577339,-0.5672121921533301,0.20394739466172898,0.4119163631766861,-0.4271788288583805,-0.7120229941413736,-0.24958982745138697,1.4647972787936097,-0.7948261381251233,-0.5057805388588731,1.249864857559473,4690000.0
223,0.16917522663559612,0.06047756004577339,1.4523125359530327,2.4825320798479433,0.4119163631766861,2.3409399821439254,-0.7120229941413736,-0.24958982745138697,1.4647972787936097,0.35483309737728724,-0.5057805388588731,-0.07352146220938081,4690000.0
224,-0.9507421322651675,0.06047756004577339,-0.5672121921533301,0.20394739466172898,0.4119163631766861,-0.4271788288583805,1.4044490251412416,-0.24958982745138697,-0.6826883245056191,-0.7948261381251233,-0.5057805388588731,-0.07352146220938081,4690000.0
225,-1.0325542769900609,0.06047756004577339,-0.5672121921533301,1.3432397372548361,0.4119163631766861,-0.4271788288583805,-0.7120229941413736,-0.24958982745138697,-0.6826883245056191,-0.7948261381251233,1.9771421064483223,-1.3969077819782347,
226,-0.4916850979754876,0.06047756004577339,-0.5672121921533301,0.20394739466172898,0.4119163631766861,-0.4271788288583805,1.4044490251412416,-0.24958982745138697,-0.6826883245056191,0.35483309737728724,-0.5057805388588731,-0.07352146220938081,4690000.0
227,-0.6398559823105724,-1.3391459724421189,-0.5672121921533301,-0.9353449479313783,-2.4276772893604694,-0.4271788288583805,-0.7120229941413736,-0.24958982745138697,1.4647972787936097,-0.7948261381251233,-0.5057805388588731,1.249864857559473,4690000.0
228,-0.23988549698887113,0.06047756004577339,1.4523125359530327,0.20394739466172898,0.4119163631766861,-0.4271788288583805,-0.7120229941413736,-0.24958982745138697,1.4647972787936097,0.35483309737728724,-0.5057805388588731,-0.07352146220938081,4655000.0
229,-0.7807546760034445,0.06047756004577339,-0.5672121921533301,0.20394739466172898,-2.4276772893604694,-0.4271788288583805,-0.7120229941413736,-0.24958982745138697,1.4647972787936097,-0.7948261381251233,-0.5057805388588731,-0.07352146220938081,
230,-0.9671045612101462,-1.3391459724421189,-0.5672121921533301,0.20394739466172898,0.4119163631766861,-0.4271788288583805,-0.7120229941413736,-0.24958982745138697,1.4647972787936097,-0.7948261381251233,-0.5057805388588731,-1.3969077819782347,
231,-0.8934736309577421,0.06047756004577339,-0.5672121921533301,0.20394739466172898,0.4119163631766861,-0.4271788288583805,-0.7120229941413736,-0.24958982745138697,1.4647972787936097,0.35483309737728724,-0.5057805388588731,-1.3969077819782347,
232,0.6691383332877228,0.06047756004577339,1.4523125359530327,1.3432397372548361,0.4119163631766861,-0.4271788288583805,-0.7120229941413736,-0.24958982745138697,1.4647972787936097,-0.7948261381251233,1.9771421064483223,1.249864857559473,4620000.0
233,-0.4694140141337111,0.06047756004577339,-0.5672121921533301,0.20394739466172898,-2.4276772893604694,2.3409399821439254,1.4044490251412416,-0.24958982745138697,1.4647972787936097,-0.7948261381251233,-0.5057805388588731,-0.07352146220938081,
234,0.39643118420474455,1.4601010925336657,-0.5672121921533301,1.3432397372548361,0.4119163631766861,2.3409399821439254,1.4044490251412416,-0.24958982745138697,-0.6826883245056191,-0.7948261381251233,1.9771421064483223,1.249864857559473,4613000.0
235,-1.444342072105358,0.06047756004577339,-0.5672121921533301,-0.9353449479313783,-2.4276772893604694,-0.4271788288583805,-0.7120229941413736,4.006573545930159,-0.6826883245056191,-0.7948261381251233,-0.5057805388588731,1.249864857559473,4585000.0
236,-0.23988549698887113,-1.3391459724421189,1.4523125359530327,-0.9353449479313783,0.4119163631766861,-0.4271788288583805,-0.7120229941413736,-0.24958982745138697,1.4647972787936097,1.5044923328796977,-0.5057805388588731,-0.07352146220938081,
237,0.07827284360793672,1.4601010925336657,1.4523125359530327,-0.9353449479313783,0.4119163631766861,-0.4271788288583805,-0.7120229941413736,-0.24958982745138697,1.4647972787936097,-0.7948261381251233,1.9771421064483223,1.249864857559473,4550000.0
238,0.6691383332877228,-1.3391459724421189,1.4523125359530327,2.4825320798479433,0.4119163631766861,-0.4271788288583805,1.4044490251412416,-0.24958982745138697,-0.6826883245056191,-0.7948261381251233,1.9771421064483223,-1.3969077819782347,
239,-0.22534111570444562,1.4601010925336657,-0.5672121921533301,0.20394739466172898,0.4119163631766861,-0.4271788288583805,-0.7120229941413736,-0.24958982745138697,1.4647972787936097,-0.7948261381251233,-0.5057805388588731,-0.07352146220938081,
240,0.39643118420474455,1.4601010925336657,1.4523125359530327,2.4825320798479433,0.4119163631766861,2.3409399821439254,-0.7120229941413736,-0.24958982745138697,1.4647972787936097,0.35483309737728724,-0.5057805388588731,-1.3969077819782347,
241,-1.4147987976213687,0.06047756004577339,-0.5672121921533301,0.20394739466172898,0.4119163631766861,-0.4271788288583805,1.4044490251412416,-0.24958982745138697,-0.6826883245056191,-0.7948261381251233,1.9771421064483223,-0.07352146220938081,4550000.0
242,-1.0352813484808907,0.06047756004577339,1.4523125359530327,0.20394739466172898,-2.4276772893604694,-0.4271788288583805,1.4044490251412416,-0.24958982745138697,-0.6826883245056191,-0.7948261381251233,1.9771421064483223,1.249864857559473,4550000.0
243,1.9872228871887838,0.06047756004577339,-0.5672121921533301,0.20394739466172898,0.4119163631766861,-0.4271788288583805,-0.7120229941413736,-0.24958982745138697,-0.6826883245056191,2.654151568382108,1.9771421064483223,1.249864857559473,
244,3.5325633986589935,0.06047756004577339,-0.5672121921533301,-0.9353449479313783,0.4119163631766861,-0.4271788288583805,-0.7120229941413736,-0.24958982745138697,-0.6826883245056191,1.5044923328796977,-0.5057805388588731,-1.3969077819782347,4543000.0
245,-0.3489683566220624,1.4601010925336657,-0.5672121921533301,0.20394739466172898,0.4119163631766861,-0.4271788288583805,-0.7120229941413736,-0.24958982745138697,-0.6826883245056191,-0.7948261381251233,-0.5057805388588731,-1.3969077819782347,
246,-0.8830198569095613,-1.3391459724421189,-0.5672121921533301,-0.9353449479313783,0.4119163631766861,-0.4271788288583805,-0.7120229941413736,-0.24958982745138697,1.4647972787936097,-0.7948261381251233,-0.5057805388588731,1.249864857559473,
247,-0.36714883322759423,0.06047756004577339,-0.5672121921533301,-0.9353449479313783,0.4119163631766861,-0.4271788288583805,-0.7120229941413736,-0.24958982745138697,-0.6826883245056191,-0.7948261381251233,1.9771421064483223,-0.07352146220938081,
248,0.12372403512176641,2.859724625021558,-0.5672121921533301,0.20394739466172898,0.4119163631766861,2.3409399821439254,1.4044490251412416,-0.24958982745138697,1.4647972787936097,-0.7948261381251233,1.9771421064483223,-1.3969077819782347,4515000.0
249,0.16917522663559612,0.06047756004577339,1.4523125359530327,0.20394739466172898,0.4119163631766861,-0.4271788288583805,-0.7120229941413736,-0.24958982745138697,-0.6826883245056191,0.35483309737728724,-0.5057805388588731,-0.07352146220938081,
250,-0.6125852674022746,-1.3391459724421189,-0.5672121921533301,0.20394739466172898,0.4119163631766861,2.3409399821439254,1.4044490251412416,-0.24958982745138697,-0.6826883245056191,-0.7948261381251233,-0.5057805388588731,-0.07352146220938081,
251,-0.9671045612101462,0.06047756004577339,1.4523125359530327,0.20394739466172898,0.4119163631766861,2.3409399821439254,1.4044490251412416,-0.24958982745138697,-0.6826883245056191,-0.7948261381251233,-0.5057805388588731,-1.3969077819782347,4480000.0
252,-0.4944121694663174,-1.3391459724421189,-0.5672121921533301,-0.9353449479313783,0.4119163631766861,-0.4271788288583805,-0.7120229941413736,-0.24958982745138697,-0.6826883245056191,-0.7948261381251233,-0.5057805388588731,-0.07352146220938081,
253,-0.28533668850270083,-1.3391459724421189,-0.5672121921533301,0.20394739466172898,0.4119163631766861,-0.4271788288583805,-0.7120229941413736,4.006573545930159,-0.6826883245056191,0.35483309737728724,-0.5057805388588731,-0.07352146220938081,4480000.0
254,0.39643118420474455,0.06047756004577339,1.4523125359530327,2.4825320798479433,0.4119163631766861,-0.4271788288583805,-0.7120229941413736,-0.24958982745138697,1.4647972787936097,-0.7948261381251233,-0.5057805388588731,1.249864857559473,4480000.0
255,0.3182551348009575,1.4601010925336657,-0.5672121921533301,2.4825320798479433,0.4119163631766861,2.3409399821439254,-0.7120229941413736,-0.24958982745138697,-0.6826883245056191,-0.7948261381251233,-0.5057805388588731,-0.07352146220938081,4473000.0
256,0.544147556624691,0.06047756004577339,-0.5672121921533301,2.4825320798479433,0.4119163631766861,-0.4271788288583805,-0.7120229941413736,-0.24958982745138697,1.4647972787936097,0.35483309737728724,-0.5057805388588731,1.249864857559473,4473000.0
257,-1.240720734123401,0.06047756004577339,-0.5672121921533301,-0.9353449479313783,0.4119163631766861,-0.4271788288583805,-0.7120229941413736,-0.24958982745138697,-0.6826883245056191,-0.7948261381251233,1.9771421064483223,-0.07352146220938081,4473000.0
258,-0.11262216075014798,0.06047756004577339,-0.5672121921533301,-0.9353449479313783,0.4119163631766861,-0.4271788288583805,-0.7120229941413736,-0.24958982745138697,-0.6826883245056191,1.5044923328796977,1.9771421064483223,1.249864857559473,4445000.0
259,-0.28533668850270083,0.06047756004577339,1.4523125359530327,0.20394739466172898,-2.4276772893604694,-0.4271788288583805,1.4044490251412416,-0.24958982745138697,1.4647972787936097,-0.7948261381251233,-0.5057805388588731,-0.07352146220938081,4410000.0
260,-0.9671045612101462,0.06047756004577339,-0.5672121921533301,0.20394739466172898,0.4119163631766861,-0.4271788288583805,1.4044490251412416,-0.24958982745138697,1.4647972787936097,-0.7948261381251233,-0.5057805388588731,-0.07352146220938081,4410000.0
261,1.0372929845497432,0.06047756004577339,-0.5672121921533301,-0.9353449479313783,0.4119163631766861,2.3409399821439254,1.4044490251412416,-0.24958982745138697,1.4647972787936097,1.5044923328796977,1.9771421064483223,1.249864857559473,
262,-1.1943605187792947,-1.3391459724421189,-0.5672121921533301,-0.9353449479313783,-2.4276772893604694,-0.4271788288583805,-0.7120229941413736,-0.24958982745138697,1.4647972787936097,-0.7948261381251233,-0.5057805388588731,1.249864857559473,4403000.0
263,4.759745569532395,0.06047756004577339,-0.5672121921533301,-0.9353449479313783,0.4119163631766861,-0.4271788288583805,-0.7120229941413736,-0.24958982745138697,1.4647972787936097,1.5044923328796977,-0.5057805388588731,-0.07352146220938081,
264,-0.6721263282853915,-1.3391459724421189,-0.5672121921533301,-0.9353449479313783,0.4119163631766861,-0.4271788288583805,-0.7120229941413736,-0.24958982745138697,-0.6826883245056191,-0.7948261381251233,-0.5057805388588731,1.249864857559473,4382000.0
265,-0.6784894950973276,-1.3391459724421189,-0.5672121921533301,-0.9353449479313783,-2.4276772893604694,-0.4271788288583805,-0.7120229941413736,-0.24958982745138697,-0.6826883245056191,-0.7948261381251233,-0.5057805388588731,1.249864857559473,4375000.0
266,-0.5262280035259982,0.06047756004577339,-0.5672121921533301,0.20394739466172898,0.4119163631766861,-0.4271788288583805,1.4044490251412416,-0.24958982745138697,-0.6826883245056191,-0.7948261381251233,-0.5057805388588731,1.249864857559473,4340000.0
267,0.34188975438814895,-1.3391459724421189,-0.5672121921533301,-0.9353449479313783,0.4119163631766861,-0.4271788288583805,-0.7120229941413736,-0.24958982745138697,-0.6826883245056191,-0.7948261381251233,-0.5057805388588731,1.249864857559473,4340000.0
268,-0.6716718163702532,0.06047756004577339,-0.5672121921533301,0.20394739466172898,0.4119163631766861,-0.4271788288583805,-0.7120229941413736,-0.24958982745138697,-0.6826883245056191,-0.7948261381251233,-0.5057805388588731,1.249864857559473,
269,-0.4671414545580196,0.06047756004577339,1.4523125359530327,1.3432397372548361,0.4119163631766861,-0.4271788288583805,-0.7120229941413736,-0.24958982745138697,1.4647972787936097,1.5044923328796977,-0.5057805388588731,-0.07352146220938081,4340000.0
270,0.7009541673474035,0.06047756004577339,-0.5672121921533301,1.3432397372548361,0.4119163631766861,-0.4271788288583805,1.4044490251412416,-0.24958982745138697,-0.6826883245056191,-0.7948261381251233,1.9771421064483223,1.249864857559473,4340000.0
271,-0.607131124420615,1.4601010925336657,-0.5672121921533301,0.20394739466172898,0.4119163631766861,-0.4271788288583805,-0.7120229941413736,-0.24958982745138697,-0.6826883245056191,-0.7948261381251233,-0.5057805388588731,-0.07352146220938081,
272,-1.4647951082865813,2.859724625021558,-0.5672121921533301,0.20394739466172898,-2.4276772893604694,-0.4271788288583805,1.4044490251412416,-0.24958982745138697,-0.6826883245056191,-0.7948261381251233,-0.5057805388588731,-0.07352146220938081,
273,0.9963869121872965,1.4601010925336657,1.4523125359530327,0.20394739466172898,0.4119163631766861,-0.4271788288583805,-0.7120229941413736,-0.24958982745138697,-0.6826883245056191,-0.7948261381251233,-0.5057805388588731,-1.3969077819782347,4305000.0
274,-0.48986705031493444,-1.3391459724421189,-0.5672121921533301,-0.9353449479313783,0.4119163631766861,-0.4271788288583805,-0.7120229941413736,-0.24958982745138697,-0.6826883245056191,-0.7948261381251233,-0.5057805388588731,-1.3969077819782347,4277000.0
275,-1.2739001039284965,0.06047756004577339,-0.5672121921533301,0.20394739466172898,-2.4276772893604694,-0.4271788288583805,-0.7120229941413736,-0.24958982745138697,-0.6826883245056191,-0.7948261381251233,-0.5057805388588731,-0.07352146220938081,4270000.0
276,1.7054254998030396,-1.3391459724421189,-0.5672121921533301,-0.9353449479313783,0.4119163631766861,-0.4271788288583805,-0.7120229941413736,-0.24958982745138697,1.4647972787936097,0.35483309737728724,-0.5057805388588731,-0.07352146220938081,
277,-0.16034591183966915,1.4601010925336657,-0.5672121921533301,0.20394739466172898,0.4119163631766861,-0.4271788288583805,-0.7120229941413736,-0.24958982745138697,-0.6826883245056191,-0.7948261381251233,-0.5057805388588731,1.249864857559473,4270000.0
278,-1.1307288506599331,-1.3391459724421189,-0.5672121921533301,-0.9353449479313783,-2.4276772893604694,-0.4271788288583805,-0.7120229941413736,-0.24958982745138697,-0.6826883245056191,0.35483309737728724,-0.5057805388588731,-1.3969077819782347,4270000.0
279,-0.7580290802465296,1.4601010925336657,-0.5672121921533301,0.20394739466172898,0.4119163631766861,-0.4271788288583805,-0.7120229941413736,-0.24958982745138697,1.4647972787936097,-0.7948261381251233,-0.5057805388588731,-0.07352146220938081,4270000.0
280,-0.7353034844896148,0.06047756004577339,-0.5672121921533301,0.20394739466172898,0.4119163631766861,-0.4271788288583805,-0.7120229941413736,-0.24958982745138697,-0.6826883245056191,-0.7948261381251233,-0.5057805388588731,-0.07352146220938081,4270000.0
281,-0.28533668850270083,-1.3391459724421189,-0.5672121921533301,-0.9353449479313783,0.4119163631766861,-0.4271788288583805,-0.7120229941413736,-0.24958982745138697,-0.6826883245056191,-0.7948261381251233,-0.5057805388588731,-0.07352146220938081,4235000.0
282,0.8509430993430415,0.06047756004577339,1.4523125359530327,2.4825320798479433,0.4119163631766861,-0.4271788288583805,-0.7120229941413736,-0.24958982745138697,1.4647972787936097,1.5044923328796977,-0.5057805388588731,-1.3969077819782347,
283,-0.5189558128837855,-1.3391459724421189,1.4523125359530327,-0.9353449479313783,-2.4276772893604694,2.3409399821439254,1.4044490251412416,-0.24958982745138697,-0.6826883245056191,0.35483309737728724,-0.5057805388588731,1.249864857559473,
284,0.39643118420474455,0.06047756004577339,1.4523125359530327,2.4825320798479433,0.4119163631766861,-0.4271788288583805,-0.7120229941413736,-0.24958982745138697,1.4647972787936097,0.35483309737728724,-0.5057805388588731,-1.3969077819782347,
285,0.6759560120147972,1.4601010925336657,1.4523125359530327,0.20394739466172898,0.4119163631766861,2.3409399821439254,-0.7120229941413736,4.006573545930159,-0.6826883245056191,0.35483309737728724,-0.5057805388588731,-0.07352146220938081,
286,-0.5171377652232322,0.06047756004577339,-0.5672121921533301,0.20394739466172898,0.4119163631766861,-0.4271788288583805,-0.7120229941413736,-0.24958982745138697,-0.6826883245056191,-0.7948261381251233,-0.5057805388588731,-0.07352146220938081,4200000.0
287,-0.8852924164852527,1.4601010925336657,1.4523125359530327,0.20394739466172898,0.4119163631766861,-0.4271788288583805,-0.7120229941413736,-0.24958982745138697,-0.6826883245056191,-0.7948261381251233,-0.5057805388588731,-1.3969077819782347,4200000.0
288,2.378103134207719,-1.3391459724421189,-0.5672121921533301,-0.9353449479313783,0.4119163631766861,-0.4271788288583805,-0.7120229941413736,-0.24958982745138697,-0.6826883245056191,0.35483309737728724,1.9771421064483223,-0.07352146220938081,4200000.0
289,-1.0639155991346034,1.4601010925336657,1.4523125359530327,0.20394739466172898,0.4119163631766861,-0.4271788288583805,-0.7120229941413736,-0.24958982745138697,-0.6826883245056191,-0.7948261381251233,-0.5057805388588731,-1.3969077819782347,
290,-1.1261837315085501,0.06047756004577339,-0.5672121921533301,0.20394739466172898,0.4119163631766861,-0.4271788288583805,1.4044490251412416,-0.24958982745138697,-0.6826883245056191,0.35483309737728724,-0.5057805388588731,1.249864857559473,4200000.0
291,0.614596903471127,0.06047756004577339,1.4523125359530327,2.4825320798479433,0.4119163631766861,-0.4271788288583805,-0.7120229941413736,-0.24958982745138697,1.4647972787936097,1.5044923328796977,-0.5057805388588731,1.249864857559473,4200000.0
292,1.0436561513616793,0.06047756004577339,-0.5672121921533301,-0.9353449479313783,-2.4276772893604694,-0.4271788288583805,-0.7120229941413736,-0.24958982745138697,-0.6826883245056191,-0.7948261381251233,-0.5057805388588731,1.249864857559473,4200000.0
293,1.7599669296196354,1.4601010925336657,1.4523125359530327,2.4825320798479433,0.4119163631766861,2.3409399821439254,-0.7120229941413736,-0.24958982745138697,1.4647972787936097,0.35483309737728724,1.9771421064483223,-1.3969077819782347,4200000.0
294,-0.9216533696963165,0.06047756004577339,-0.5672121921533301,0.20394739466172898,-2.4276772893604694,-0.4271788288583805,1.4044490251412416,-0.24958982745138697,-0.6826883245056191,-0.7948261381251233,-0.5057805388588731,-0.07352146220938081,4200000.0
295,-0.9671045612101462,-1.3391459724421189,-0.5672121921533301,-0.9353449479313783,0.4119163631766861,-0.4271788288583805,-0.7120229941413736,-0.24958982745138697,-0.6826883245056191,0.35483309737728724,-0.5057805388588731,1.249864857559473,4200000.0
296,0.032821652094107034,0.06047756004577339,-0.5672121921533301,1.3432397372548361,0.4119163631766861,-0.4271788288583805,-0.7120229941413736,-0.24958982745138697,1.4647972787936097,-0.7948261381251233,-0.5057805388588731,-0.07352146220938081,4200000.0
297,-0.11262216075014798,1.4601010925336657,1.4523125359530327,0.20394739466172898,0.4119163631766861,-0.4271788288583805,-0.7120229941413736,-0.24958982745138697,1.4647972787936097,0.35483309737728724,1.9771421064483223,-1.3969077819782347,4200000.0
298,0.44188237571857425,0.06047756004577339,-0.5672121921533301,-0.9353449479313783,0.4119163631766861,-0.4271788288583805,1.4044490251412416,-0.24958982745138697,1.4647972787936097,-0.7948261381251233,1.9771421064483223,-0.07352146220938081,
299,-0.9261984888476995,-1.3391459724421189,-0.5672121921533301,-0.9353449479313783,0.4119163631766861,2.3409399821439254,1.4044490251412416,-0.24958982745138697,-0.6826883245056191,-0.7948261381251233,-0.5057805388588731,1.249864857559473,
300,-0.9671045612101462,0.06047756004577339,-0.5672121921533301,0.20394739466172898,-2.4276772893604694,-0.4271788288583805,-0.7120229941413736,-0.24958982745138697,-0.6826883245056191,-0.7948261381251233,-0.5057805388588731,-0.07352146220938081,4193000.0
301,0.44188237571857425,0.06047756004577339,1.4523125359530327,-0.9353449479313783,0.4119163631766861,-0.4271788288583805,1.4044490251412416,-0.24958982745138697,-0.6826883245056191,1.5044923328796977,1.9771421064483223,-1.3969077819782347,
302,-0.4671414545580196,-1.3391459724421189,1.4523125359530327,-0.9353449479313783,0.4119163631766861,2.3409399821439254,1.4044490251412416,-0.24958982745138697,-0.6826883245056191,-0.7948261381251233,-0.5057805388588731,-0.07352146220938081,4165000.0
303,-0.558043837585679,0.06047756004577339,-0.5672121921533301,0.20394739466172898,0.4119163631766861,-0.4271788288583805,-0.7120229941413736,-0.24958982745138697,-0.6826883245056191,-0.7948261381251233,-0.5057805388588731,1.249864857559473,4165000.0
304,-1.0820960757401352,1.4601010925336657,1.4523125359530327,0.20394739466172898,-2.4276772893604694,-0.4271788288583805,-0.7120229941413736,-0.24958982745138697,-0.6826883245056191,-0.7948261381251233,-0.5057805388588731,-0.07352146220938081,4165000.0
305,-1.3557122486533901,0.06047756004577339,-0.5672121921533301,0.20394739466172898,0.4119163631766861,-0.4271788288583805,1.4044490251412416,-0.24958982745138697,-0.6826883245056191,-0.7948261381251233,1.9771421064483223,-1.3969077819782347,4130000.0
306,-0.3307878800165305,1.4601010925336657,-0.5672121921533301,0.20394739466172898,0.4119163631766861,-0.4271788288583805,-0.7120229941413736,-0.24958982745138697,1.4647972787936097,1.5044923328796977,1.9771421064483223,-0.07352146220938081,4130000.0
307,0.9418454823707009,0.06047756004577339,-0.5672121921533301,0.20394739466172898,0.4119163631766861,2.3409399821439254,1.4044490251412416,-0.24958982745138697,-0.6826883245056191,0.35483309737728724,1.9771421064483223,-1.3969077819782347,4123000.0
308,0.5555103545031485,0.06047756004577339,1.4523125359530327,1.3432397372548361,0.4119163631766861,2.3409399821439254,-0.7120229941413736,-0.24958982745138697,1.4647972787936097,-0.7948261381251233,-0.5057805388588731,-1.3969077819782347,4098500.0
309,1.7599669296196354,0.06047756004577339,-0.5672121921533301,0.20394739466172898,0.4119163631766861,-0.4271788288583805,-0.7120229941413736,-0.24958982745138697,-0.6826883245056191,1.5044923328796977,-0.5057805388588731,-0.07352146220938081,4095000.0
310,-0.4944121694663174,-1.3391459724421189,-0.5672121921533301,-0.9353449479313783,0.4119163631766861,-0.4271788288583805,-0.7120229941413736,-0.24958982745138697,-0.6826883245056191,-0.7948261381251233,-0.5057805388588731,1.249864857559473,
311,0.8600333376458075,0.06047756004577339,-0.5672121921533301,-0.9353449479313783,0.4119163631766861,-0.4271788288583805,1.4044490251412416,-0.24958982745138697,1.4647972787936097,1.5044923328796977,1.9771421064483223,-0.07352146220938081,
312,0.5873261885628293,0.06047756004577339,1.4523125359530327,1.3432397372548361,0.4119163631766861,-0.4271788288583805,-0.7120229941413736,-0.24958982745138697,1.4647972787936097,-0.7948261381251233,1.9771421064483223,-1.3969077819782347,
313,0.8895766121297968,0.06047756004577339,-0.5672121921533301,-0.9353449479313783,0.4119163631766861,2.3409399821439254,1.4044490251412416,-0.24958982745138697,-0.6826883245056191,1.5044923328796977,1.9771421064483223,-0.07352146220938081,4060000.0
314,0.7373151205584673,-1.3391459724421189,-0.5672121921533301,-0.9353449479313783,0.4119163631766861,2.3409399821439254,1.4044490251412416,-0.24958982745138697,-0.6826883245056191,1.5044923328796977,1.9771421064483223,-1.3969077819782347,4060000.0
315,-0.35351347577344533,0.06047756004577339,-0.5672121921533301,0.20394739466172898,-2.4276772893604694,-0.4271788288583805,-0.7120229941413736,4.006573545930159,-0.6826883245056191,0.35483309737728724,-0.5057805388588731,1.249864857559473,4060000.0
316,-0.35805859492482833,0.06047756004577339,-0.5672121921533301,-0.9353449479313783,0.4119163631766861,-0.4271788288583805,-0.7120229941413736,-0.24958982745138697,-0.6826883245056191,-0.7948261381251233,-0.5057805388588731,-0.07352146220938081,
317,-0.7343944606593381,-1.3391459724421189,-0.5672121921533301,-0.9353449479313783,0.4119163631766861,-0.4271788288583805,-0.7120229941413736,-0.24958982745138697,-0.6826883245056191,0.35483309737728724,1.9771421064483223,1.249864857559473,4025000.0
318,0.32825439693400005,0.06047756004577339,-0.5672121921533301,0.20394739466172898,0.4119163631766861,-0.4271788288583805,1.4044490251412416,-0.24958982745138697,-0.6826883245056191,0.35483309737728724,-0.5057805388588731,1.249864857559473,
319,-0.4944121694663174,0.06047756004577339,-0.5672121921533301,0.20394739466172898,0.4119163631766861,-0.4271788288583805,1.4044490251412416,4.006573545930159,-0.6826883245056191,0.35483309737728724,-0.5057805388588731,-1.3969077819782347,
320,-0.28533668850270083,-1.3391459724421189,-0.5672121921533301,-0.9353449479313783,0.4119163631766861,-0.4271788288583805,-0.7120229941413736,-0.24958982745138697,1.4647972787936097,1.5044923328796977,-0.5057805388588731,-1.3969077819782347,
321,-0.7398486036409977,1.4601010925336657,1.4523125359530327,0.20394739466172898,0.4119163631766861,-0.4271788288583805,-0.7120229941413736,4.006573545930159,-0.6826883245056191,1.5044923328796977,-0.5057805388588731,-1.3969077819782347,4007500.0
322,-0.7016696027693808,-1.3391459724421189,-0.5672121921533301,-0.9353449479313783,0.4119163631766861,-0.4271788288583805,-0.7120229941413736,4.006573545930159,-0.6826883245056191,-0.7948261381251233,-0.5057805388588731,-0.07352146220938081,
323,1.1627382731279132,0.06047756004577339,-0.5672121921533301,-0.9353449479313783,0.4119163631766861,2.3409399821439254,1.4044490251412416,4.006573545930159,-0.6826883245056191,-0.7948261381251233,-0.5057805388588731,-0.07352146220938081,3990000.0
412,,,,,,,,,,,,,3395000.0
350,,,,,,,,,,,,,3780000.0
385,,,,,,,,,,,,,3500000.0
529,,,,,,,,,,,,,2100000.0
523,,,,,,,,,,,,,2275000.0
531,,,,,,,,,,,,,2100000.0
421,,,,,,,,,,,,,3360000.0
497,,,,,,,,,,,,,2660000.0
348,,,,,,,,,,,,,3780000.0
467,,,,,,,,,,,,,3010000.0
386,,,,,,,,,,,,,3500000.0
485,,,,,,,,,,,,,2835000.0
479,,,,,,,,,,,,,2940000.0
399,,,,,,,,,,,,,3500000.0
502,,,,,,,,,,,,,2604000.0
514,,,,,,,,,,,,,2450000.0
436,,,,,,,,,,,,,3234000.0
361,,,,,,,,,,,,,3703000.0
357,,,,,,,,,,,,,3710000.0
476,,,,,,,,,,,,,2940000.0
532,,,,,,,,,,,,,1960000.0
455,,,,,,,,,,,,,3115000.0
539,,,,,,,,,,,,,1750000.0
417,,,,,,,,,,,,,3360000.0
338,,,,,,,,,,,,,3850000.0
463,,,,,,,,,,,,,3010000.0
402,,,,,,,,,,,,,3465000.0
433,,,,,,,,,,,,,3290000.0
474,,,,,,,,,,,,,2940000.0
410,,,,,,,,,,,,,3423000.0
520,,,,,,,,,,,,,2380000.0
351,,,,,,,,,,,,,3773000.0
332,,,,,,,,,,,,,3920000.0
333,,,,,,,,,,,,,3920000.0
444,,,,,,,,,,,,,3150000.0
481,,,,,,,,,,,,,2870000.0
403,,,,,,,,,,,,,3465000.0
518,,,,,,,,,,,,,2380000.0
503,,,,,,,,,,,,,2590000.0
339,,,,,,,,,,,,,3850000.0
509,,,,,,,,,,,,,2485000.0
400,,,,,,,,,,,,,3493000.0
437,,,,,,,,,,,,,3220000.0
401,,,,,,,,,,,,,3465000.0
407,,,,,,,,,,,,,3430000.0
450,,,,,,,,,,,,,3143000.0
492,,,,,,,,,,,,,2695000.0
489,,,,,,,,,,,,,2800000.0
461,,,,,,,,,,,,,3045000.0
413,,,,,,,,,,,,,3395000.0
362,,,,,,,,,,,,,3675000.0
364,,,,,,,,,,,,,3675000.0
327,,,,,,,,,,,,,3920000.0
326,,,,,,,,,,,,,3990000.0
480,,,,,,,,,,,,,2870000.0
393,,,,,,,,,,,,,3500000.0
331,,,,,,,,,,,,,3920000.0
408,,,,,,,,,,,,,3430000.0
352,,,,,,,,,,,,,3773000.0
414,,,,,,,,,,,,,3360000.0
468,,,,,,,,,,,,,3010000.0
380,,,,,,,,,,,,,3570000.0
451,,,,,,,,,,,,,3129000.0
328,,,,,,,,,,,,,3920000.0
438,,,,,,,,,,,,,3220000.0
363,,,,,,,,,,,,,3675000.0
449,,,,,,,,,,,,,3150000.0
404,,,,,,,,,,,,,3430000.0
371,,,,,,,,,,,,,3640000.0
439,,,,,,,,,,,,,3220000.0
530,,,,,,,,,,,,,2100000.0
512,,,,,,,,,,,,,2450000.0
360,,,,,,,,,,,,,3703000.0
527,,,,,,,,,,,,,2233000.0
411,,,,,,,,,,,,,3395000.0
465,,,,,,,,,,,,,3010000.0
464,,,,,,,,,,,,,3010000.0
495,,,,,,,,,,,,,2660000.0
419,,,,,,,,,,,,,3360000.0
440,,,,,,,,,,,,,3220000.0
377,,,,,,,,,,,,,3605000.0
435,,,,,,,,,,,,,3255000.0
370,,,,,,,,,,,,,3640000.0
394,,,,,,,,,,,,,3500000.0
383,,,,,,,,,,,,,3500000.0
405,,,,,,,,,,,,,3430000.0
368,,,,,,,,,,,,,3640000.0
501,,,,,,,,,,,,,2653000.0
387,,,,,,,,,,,,,3500000.0
349,,,,,,,,,,,,,3780000.0
418,,,,,,,,,,,,,3360000.0
369,,,,,,,,,,,,,3640000.0
526,,,,,,,,,,,,,2240000.0
341,,,,,,,,,,,,,3850000.0
373,,,,,,,,,,,,,3640000.0
397,,,,,,,,,,,,,3500000.0
500,,,,,,,,,,,,,2653000.0
334,,,,,,,,,,,,,3885000.0
356,,,,,,,,,,,,,3710000.0
460,,,,,,,,,,,,,3080000.0
452,,,,,,,,,,,,,3118850.0
324,,,,,,,,,,,,,3990000.0
426,,,,,,,,,,,,,3290000.0
534,,,,,,,,,,,,,1890000.0
517,,,,,,,,,,,,,2408000.0
525,,,,,,,,,,,,,2275000.0
398,,,,,,,,,,,,,3500000.0
384,,,,,,,,,,,,,3500000.0
430,,,,,,,,,,,,,3290000.0
358,,,,,,,,,,,,,3710000.0
425,,,,,,,,,,,,,3325000.0
487,,,,,,,,,,,,,2835000.0
376,,,,,,,,,,,,,3605000.0
442,,,,,,,,,,,,,3150000.0
388,,,,,,,,,,,,,3500000.0
335,,,,,,,,,,,,,3885000.0
519,,,,,,,,,,,,,2380000.0
488,,,,,,,,,,,,,2800000.0
389,,,,,,,,,,,,,3500000.0
420,,,,,,,,,,,,,3360000.0
513,,,,,,,,,,,,,2450000.0
459,,,,,,,,,,,,,3080000.0
510,,,,,,,,,,,,,2485000.0
423,,,,,,,,,,,,,3332000.0
448,,,,,,,,,,,,,3150000.0
431,,,,,,,,,,,,,3290000.0
486,,,,,,,,,,,,,2835000.0
396,,,,,,,,,,,,,3500000.0
472,,,,,,,,,,,,,2940000.0
359,,,,,,,,,,,,,3710000.0
